hyperk_episodes,patient_hours_k_ge_6,patient_hours_k_ge_6_5,patient_hours_k_ge_7,danger_hours_weighted,pre_dialysis_k_ge_6,sessions,sessions_per_patient_week,min_sessions_patient,patients_with_any_k_ge_6,peak_k_mean,replicate,policy,capacity,reschedules,pulled_forward,reschedules_per_week,overflow,seconds
214,6446,3866,2350,12662,201,1128,2.35,16,33,6.137397289276123,0,Fixed weekly pattern,24,0,0,0.0,0,11.1
190,5917,3633,2353,11903,176,1128,2.35,16,33,6.153177738189697,0,Antaral (same machines),24,459,134,57.375,0,20.4
188,6156,3888,2576,12620,173,1128,2.35,16,33,6.183333873748779,0,Antaral (+ standby machine for re-timing),27,239,121,29.875,0,19.3
189,4903,2628,1385,8916,166,1168,2.433333333333333,16,26,5.974539756774902,1,Fixed weekly pattern,25,0,0,0.0,0,12.7
151,4875,2748,1545,9168,139,1168,2.433333333333333,16,24,5.9691290855407715,1,Antaral (same machines),25,247,79,30.875,0,22.1
159,4851,2767,1542,9160,137,1168,2.433333333333333,16,24,5.9923882484436035,1,Antaral (+ standby machine for re-timing),28,133,84,16.625,0,21.6
216,6275,3476,1735,11486,202,1144,2.3833333333333333,16,28,6.027184963226318,2,Fixed weekly pattern,25,0,0,0.0,0,10.2
211,6134,3416,1907,11457,181,1144,2.3833333333333333,16,30,6.113805294036865,2,Antaral (same machines),25,372,122,46.5,0,19.7
207,6315,3486,1891,11692,179,1144,2.3833333333333333,16,28,6.135290622711182,2,Antaral (+ standby machine for re-timing),28,237,122,29.625,0,19.4
188,6109,3773,2239,12121,170,1136,2.3666666666666667,16,26,6.050230979919434,3,Fixed weekly pattern,24,0,0,0.0,0,10.6
168,5400,3400,2009,10809,144,1136,2.3666666666666667,16,24,6.017334938049316,3,Antaral (same machines),24,424,104,53.0,0,20.6
174,5646,3551,2040,11237,149,1136,2.3666666666666667,16,25,6.0303778648376465,3,Antaral (+ standby machine for re-timing),27,235,109,29.375,0,19.7
178,6676,4609,3291,14576,190,1144,2.3833333333333333,16,29,6.136045932769775,4,Fixed weekly pattern,25,0,0,0.0,0,10.4
176,6649,4454,3016,14119,174,1144,2.3833333333333333,16,27,6.151350021362305,4,Antaral (same machines),25,376,113,47.0,0,21.3
179,6831,4565,3133,14529,172,1144,2.3833333333333333,16,30,6.215908527374268,4,Antaral (+ standby machine for re-timing),28,246,126,30.75,0,20.0
208,5402,2886,1399,9687,195,1168,2.433333333333333,16,29,6.083347797393799,5,Fixed weekly pattern,25,0,0,0.0,0,10.2
163,4892,2789,1652,9333,144,1168,2.433333333333333,16,30,6.132452011108398,5,Antaral (same machines),25,364,100,45.5,0,20.9
175,5306,3063,1773,10142,155,1168,2.433333333333333,16,31,6.1767354011535645,5,Antaral (+ standby machine for re-timing),28,199,106,24.875,0,20.0
